{"cameraMode":{"drawMode":0,"name":"Shaded","section":"Shading Mode"},"sceneLighting":false,"audioPlay":false,"sceneViewState":{"showFog":true,"showMaterialUpdate":false,"showSkybox":false,"showFlares":true,"showImageEffects":true,"showParticleSystems":true},"in2DMode":false,"pivot":{"x":0.0,"y":0.7999999523162842,"z":-32.79999923706055},"rotation":{"x":0.00896088220179081,"y":0.09286247938871384,"z":-0.0008358736522495747,"w":0.9956396222114563},"size":0.3278726041316986,"orthographic":true}